{
  "ret": true,
  "data": {
    "bannerImg": "https://img1.qunarzz.com/p/tts5/1705/92/2b9f929e77f69b02.jpg_r_640x420x90_19d64c9e.jpg",
    "imgList": [
      "http://img1.qunarzz.com/sight/source/1510/6e/1ea71e2f04e.jpg_r_640x214_aa6f091d.jpg",
      "http://img1.qunarzz.com/sight/source/1511/ad/6834f95575feed.jpg_r_640x214_2b7039e2.jpg",
      "http://img1.qunarzz.com/sight/source/1505/aa/7baaf8a851d221.jpg_r_640x214_1431200f.jpg",
      "http://img1.qunarzz.com/sight/source/1505/9e/21df651e19af5d.jpg_r_640x214_3ea5bb38.jpg",
      "http://img1.qunarzz.com/sight/source/1505/ce/bc89bc2f0e33ea.jpg_r_640x214_3e408453.jpg"
    ],
    "ticketList": [{
      "title": "故宫当日票",
      "hasMore": true,
      "list": [{
        "title": "上午场",
        "desc": "比较贵",
        "price": "36.8",
        "show": true,
        "hasMore": true,
        "suppliers": [{
          "name": "Qunar0自营",
          "show": true
        },{
          "name": "Qunar1自营",
          "show": true
        },{
          "name": "Qunar2自营",
          "show": false
        }]
      },{
        "title": "下午场",
        "desc": "比较贵",
        "price": "36.8",
        "show": true,
        "hasMore": true,
        "suppliers": [{
          "name": "Qunar0自营",
          "show": true
        },{
          "name": "Qunar1自营",
          "show": true
        },{
          "name": "Qunar2自营",
          "show": false
        }]
      },{
        "title": "午夜场",
        "desc": "比较贵",
        "price": "36.8",
        "show": false,
        "hasMore": true,
        "suppliers": [{
          "name": "Qunar0自营",
          "show": true
        },{
          "name": "Qunar1自营",
          "show": true
        },{
          "name": "Qunar2自营",
          "show": false
        }]
      }]
    },{
      "title": "故宫成人票",
      "hasMore": true,
      "list": [{
        "title": "上午场",
        "desc": "比较贵",
        "price": "36.8",
        "show": true,
        "hasMore": false,
        "suppliers": [{
          "name": "Qunar0自营",
          "show": true
        },{
          "name": "Qunar1自营",
          "show": true
        }]
      },{
        "title": "下午场",
        "desc": "比较贵",
        "price": "36.8",
        "show": true,
        "hasMore": true,
        "suppliers": [{
          "name": "Qunar0自营",
          "show": true
        },{
          "name": "Qunar1自营",
          "show": true
        },{
          "name": "Qunar2自营",
          "show": false
        }]
      },{
        "title": "午夜场",
        "desc": "比较贵",
        "price": "36.8",
        "show": false,
        "hasMore": true,
        "suppliers": [{
          "name": "Qunar0自营",
          "show": true
        },{
          "name": "Qunar1自营",
          "show": true
        },{
          "name": "Qunar2自营",
          "show": false
        }]
      }]
    },{
      "title": "故宫学生票",
      "hasMore": false,
      "list": [{
        "title": "上午场",
        "desc": "比较贵",
        "price": "36.8",
        "show": true,
        "hasMore": true,
        "suppliers": [{
          "name": "Qunar0自营",
          "show": true
        },{
          "name": "Qunar1自营",
          "show": true
        },{
          "name": "Qunar2自营",
          "show": false
        }]
      },{
        "title": "下午场",
        "desc": "比较贵",
        "price": "36.8",
        "show": true,
        "hasMore": true,
        "suppliers": [{
          "name": "Qunar0自营",
          "show": true
        },{
          "name": "Qunar1自营",
          "show": true
        },{
          "name": "Qunar2自营",
          "show": false
        }]
      }]
    }]
  }
}
