{
  "ret": true,
  "data": {
    "list": [{
        "id": "0091",
        "imgUrl": "http://img1.qunarzz.com/sight/p0/1604/1e/1e75f8e1af9fe81f90.img.jpg_140x140_b555f882.jpg",
        "title":"后宫",
        "desc":"东方宫殿建筑代表，世界宫殿建筑典范",
        "price":"20"
      },{
        "id": "0092",
        "imgUrl": "http://img1.qunarzz.com/sight/p0/1511/d2/d2aec2dfc5aa771290.water.jpg_140x140_abb362a7.jpg",
        "title":"南山滑雪",
        "desc":"北京专业级滑雪圣地",
        "price":"97"
      },{
        "id": "0093",
        "imgUrl": "http://img1.qunarzz.com/sight/p0/1409/19/adca619faaab0898245dc4ec482b5722.jpg_140x140_80f63803.jpg",
        "title":"天安门广场",
        "desc":"我爱北京天安门，天安门上太阳升",
        "price":"20"
      },{
        "id": "0094",
        "imgUrl": "http://img1.qunarzz.com/sight/p0/1604/1e/1e75f8e1af9fe81f90.img.jpg_140x140_b555f882.jpg",
        "title":"世界花卉大观园",
        "desc":"揽天下奇花异草，聚世界经典园林",
        "price":"33.1"
      },{
        "id": "0095",
        "imgUrl": "http://img1.qunarzz.com/sight/p0/201306/13/bdf22f69fab0ee4ec8d65eac.jpg_140x140_355f4fb6.jpg",
        "title":"八达岭长城缆车",
        "desc":"巍峨雄伟尽收眼底",
        "price":"156"
      },{
        "id": "0096",
        "imgUrl": "http://img1.qunarzz.com/sight/p0/1511/d2/d2aec2dfc5aa771290.water.jpg_140x140_abb362a7.jpg",
        "title":"南山滑雪",
        "desc":"北京专业级滑雪圣地",
        "price":"97"
      },{
        "id": "0097",
        "imgUrl": "http://img1.qunarzz.com/sight/p0/1409/19/adca619faaab0898245dc4ec482b5722.jpg_140x140_80f63803.jpg",
        "title":"天安门广场",
        "desc":"我爱北京天安门，天安门上太阳升",
        "price":"20"
      },{
        "id": "0098",
        "imgUrl": "http://img1.qunarzz.com/sight/p0/1604/1e/1e75f8e1af9fe81f90.img.jpg_140x140_b555f882.jpg",
        "title":"世界花卉大观园",
        "desc":"揽天下奇花异草，聚世界经典园林",
        "price":"33.1"
      },{
        "id": "0099",
        "imgUrl": "http://img1.qunarzz.com/sight/p0/201306/13/bdf22f69fab0ee4ec8d65eac.jpg_140x140_355f4fb6.jpg",
        "title":"八达岭长城缆车",
        "desc":"巍峨雄伟尽收眼底",
        "price":"156"
      }]
    }
}
